id,tier,publisher,title,url,backs,lifecycle,last_verified,freshness_window,q_authority,q_freshness,q_lifecycle,q_total,basis
DS-001,T1,Apple,HIG — Materials,https://developer.apple.com/design/human-interface-guidelines/materials,material-direction glass recipe (Liquid Glass),current,2026-07-24,90d,9,6,10,25,established-standard (live URL re-verify due)
DS-002,T1,Apple,HIG — Accessibility,https://developer.apple.com/design/human-interface-guidelines/accessibility,accessible-content dynamic type / VoiceOver / ~44pt target,current,2026-07-24,12m,9,6,10,25,established-standard (live URL re-verify due)
DS-003,T0,W3C,WCAG 2.2 — Contrast (Minimum) 1.4.3,https://www.w3.org/WAI/WCAG22/Understanding/contrast-minimum.html,accessible-content contrast 4.5:1 body / 3:1 large-UI,current,2026-07-24,12m,10,6,10,26,established-standard (live URL re-verify due)
DS-004,T0,W3C,WCAG 2.2 — Target Size (Minimum) 2.5.8,https://www.w3.org/WAI/WCAG22/Understanding/target-size-minimum.html,accessible-content target size,current,2026-07-24,12m,10,6,10,26,established-standard (live URL re-verify due)
DS-005,T1,Google / Material 3,Window size classes,https://m3.material.io/foundations/layout/applying-layout/window-size-classes,adaptive-layout compact/medium/expanded 600 & 840 dp,current,2026-07-24,12m,9,6,10,25,established-standard (live URL re-verify due)
DS-006,T1,Expo,Glass Effect (GlassView / isGlassEffectAPIAvailable / SDK 54),https://docs.expo.dev/versions/latest/sdk/glass-effect/,material-direction native glass crash guard,current,2026-07-24,90d,9,10,10,29,repo-firsthand (node_modules expo-glass-effect@0.1.10; crash rationale expo/expo#40911 in SDK JSDoc)
DS-007,T1,React Native (Meta),Accessibility (AccessibilityInfo / accessibilityRole / accessibilityState),https://reactnative.dev/docs/accessibility,accessible-content screen reader + Reduce Motion/Transparency,current,2026-07-24,90d,9,10,10,29,repo-firsthand (components/ui/accessibility-motion.ts)
DS-008,T1,React Native (Meta),useWindowDimensions,https://reactnative.dev/docs/usewindowdimensions,adaptive-layout available-width pattern,current,2026-07-24,90d,9,10,10,29,repo-firsthand (12 uses / 6 files)
DS-009,T1,Software Mansion,Reanimated — withSpring / withTiming,https://docs.swmansion.com/react-native-reanimated/,motion.md timing + spring mechanism,current,2026-07-24,180d,9,10,10,29,repo-firsthand (react-native-reanimated in app)
